가격,거래 유형,건축물 용도,공급/전용면적,관리비,관리비부과기준,기보증금/월세,난방(방식/연료),매물번호,매물특징,방수/욕실수,방향,융자금,이미지 URL,입주가능일,제목,주소,총주차대수,해당면적 세대수,해당층/총층,현관구조
"4억 9,000",전세,공동주택,77.72㎡/69.4㎡(전용률89%),5만원,정액관리비,-,개별난방/도시가스,2456237725,"허그대출, 보증보험100가능",3/2개,남향(거실 기준),-,,2024년 1월 30일 협의가능,성영 1동,서울시 서초구 양재동 206-7,13대(세대당 1대),4세대,4/5층,계단식
"4억 9,000",전세,공동주택,77.72㎡/69.4㎡(전용률89%),5만원,정액관리비,-,개별난방/도시가스,2453385021,"방3화2아파트, 보증보험가입가, 전세대출가능, 깨끗하고 쾌적한 아파트",3/2개,동향(안방 기준),-,,2024년 12월 31일 협의가능,성영 1동,서울시 서초구 양재동 206-7,13대(세대당 0.93대),4세대,4/5층,계단식
"4억 9,000",전세,공동주택,77.72㎡/69.4㎡(전용률89%),8만원,정액관리비,-,개별난방/도시가스,2454054785,방3화2.엘리베이터. 조용한주택가.입주협의,3/2개,남향(거실 기준),-,,2025년 1월 10일 협의가능,성영 1동,서울시 서초구 양재동 206-7,1대(세대당 1대),4세대,4/5층,계단식
15억,매매,공동주택,106.52㎡/96.33㎡(전용률90%),8만원,-,-/-,개별난방/도시가스,2458371657,6구역 신축아파트 기회 싸게나온 대형평수 아파트.,3/2개,서향(거실 기준),-,,즉시입주 협의가능,양재현대 1동,서울시 서초구 양재동 306-11,17대(세대당 1.21대),1세대,저/5층,계단식
13억,매매,공동주택,106.52㎡/96.33㎡(전용률90%),10만원,정액관리비,-/-,개별난방/도시가스,2455789601,방3화2 거실 단독마당 주차2대 실입주가능,3/2개,남서향(거실 기준),없음,,2024년 11월 하순 협의가능,양재현대 1동,서울시 서초구 양재동 306-11,17대(세대당 1.21대),1세대,저/5층,계단식
"7억 5,000",매매,공동주택,81.52㎡/47.21㎡(전용률58%),10만원,-,-/-,개별난방/도시가스,2454307059,"s실사진s 컨디션 좋은 양재동 아파트 매물, 갭투자 환영",3/2개,남동향(거실 기준),-,,즉시입주 협의가능,서초미르 1동,서울시 서초구 양재동 402-5,12대(세대당 0.62대),4세대,고/7층,계단식
10억,전세,공동주택,155.59㎡/130.89㎡(전용률84%),35만원,-,-,중앙난방/도시가스,2458503484,올수리 로얄층 거실에서 사방이 우면산 조망권,4/2개,남서향(거실 기준),-,https://landthumb-phinf.pstatic.net/20120327_34/hscp_img_13328359056764Svoj_JPEG/GW70765_1332835904341.jpg,2024년 12월 10일 협의가능,대림 102동,서울시 서초구 우면동 57,653대(세대당 1.58대),412세대,13/15층,-
"17억 8,000",매매,공동주택,155.59㎡/130.89㎡(전용률84%),35만원,-,-/-,중앙난방/도시가스,2458543060,강남의 전원마을 우면산아래 전망좋은집 주차좋아요,4/2개,남동향(거실 기준),-,https://landthumb-phinf.pstatic.net/20120327_34/hscp_img_13328359056764Svoj_JPEG/GW70765_1332835904341.jpg,즉시입주,대림 103동,서울시 서초구 우면동 57,653대(세대당 1.58대),412세대,14/15층,-
18억,매매,공동주택,155.59㎡/130.89㎡(전용률84%),47만원,-,-/-,중앙난방/도시가스,2458477212,남향 로얄층 우면산 숲세권 거실조망좋음 입주가능,4/2개,남동향(거실 기준),-,https://landthumb-phinf.pstatic.net/20120327_34/hscp_img_13328359056764Svoj_JPEG/GW70765_1332835904341.jpg,즉시입주 협의가능,대림 104동,서울시 서초구 우면동 57,653대(세대당 1.58대),412세대,8/15층,-
5억/200,월세,공동주택,155.59㎡/130.89㎡(전용률84%),47만원,-,-,중앙난방/도시가스,2458481517,방4화2 숲세권 아파트 주차굿 입주협의 내부깔끔,4/2개,남서향(거실 기준),-,https://landthumb-phinf.pstatic.net/20120327_34/hscp_img_13328359056764Svoj_JPEG/GW70765_1332835904341.jpg,즉시입주 협의가능,대림 102동,서울시 서초구 우면동 57,653대(세대당 1.58대),412세대,1/15층,-
"9억 5,000",전세,공동주택,155.59㎡/130.89㎡(전용률84%),46만원,-,-,중앙난방/도시가스,2458480110,내부깔끔 방4화2 우면산에 둘러싸인 숲세권 아파트 입주협의,4/2개,남동향(거실 기준),-,https://landthumb-phinf.pstatic.net/20120327_34/hscp_img_13328359056764Svoj_JPEG/GW70765_1332835904341.jpg,즉시입주 협의가능,대림 102동,서울시 서초구 우면동 57,653대(세대당 1.58대),412세대,1/15층,-
19억,매매,공동주택,155.59㎡/130.89㎡(전용률84%),47만원,-,-/-,중앙난방/도시가스,2458475670,우면산 숲세권 대형평수 방4화2 올수리 입주가능,4/2개,남동향(거실 기준),-,https://landthumb-phinf.pstatic.net/20120327_34/hscp_img_13328359056764Svoj_JPEG/GW70765_1332835904341.jpg,즉시입주 협의가능,대림 102동,서울시 서초구 우면동 57,653대(세대당 1.58대),412세대,15/15층,-
"17억 7,000",매매,공동주택,155.59㎡/130.89㎡(전용률84%),25만원,-,10억/-,중앙난방/도시가스,2458355863,급매 로얄동 올수리 우면산 대모산 청계산 조망,4/2개,남향(거실 기준),없음,https://landthumb-phinf.pstatic.net/20120327_34/hscp_img_13328359056764Svoj_JPEG/GW70765_1332835904341.jpg,2025년 2월 28일 협의가능,대림 106동,서울시 서초구 우면동 57,653대(세대당 1.58대),412세대,14/14층,계단식
"18억 2,500",매매,공동주택,155.59㎡/130.89㎡(전용률84%),30만원,-,10억/-,중앙난방/도시가스,2458192235,로얄동 거실에서 청계산 대모산 우면산 조망 숲세권,4/2개,남동향(거실 기준),-,https://landthumb-phinf.pstatic.net/20120327_34/hscp_img_13328359056764Svoj_JPEG/GW70765_1332835904341.jpg,2026년 10월 12일 협의가능,대림 106동,서울시 서초구 우면동 57,653대(세대당 1.58대),412세대,11/14층,계단식
5억/200,월세,공동주택,155.59㎡/130.89㎡(전용률84%),35만원,-,-,중앙난방/도시가스,2458243269,전용률좋은판상형구조 올수리완벽 입주일협의 4룸 화2,4/2개,남동향(거실 기준),-,https://landthumb-phinf.pstatic.net/20120327_34/hscp_img_13328359056764Svoj_JPEG/GW70765_1332835904341.jpg,즉시입주 협의가능,대림 102동,서울시 서초구 우면동 57,653대(세대당 1.58대),412세대,1/15층,계단식
"10억 5,000",전세,공동주택,155.59㎡/130.89㎡(전용률84%),45만원,-,-,중앙난방/도시가스,2458253775,전용률좋은판상형구조  올수리최상 4룸 화2  입주일협의,4/2개,남향(거실 기준),-,https://landthumb-phinf.pstatic.net/20120327_34/hscp_img_13328359056764Svoj_JPEG/GW70765_1332835904341.jpg,즉시입주 협의가능,대림 106동,서울시 서초구 우면동 57,653대(세대당 1.58대),412세대,14/14층,계단식
"17억 9,000",매매,공동주택,155.59㎡/130.89㎡(전용률84%),35만원,-,-/-,중앙난방/도시가스,2458242367,로얄동 로얄층 탁트인 조망권  우면산아래 숲세권,4/2개,남동향(거실 기준),없음,https://landthumb-phinf.pstatic.net/20120327_34/hscp_img_13328359056764Svoj_JPEG/GW70765_1332835904341.jpg,즉시입주 협의가능,대림 106동,서울시 서초구 우면동 57,653대(세대당 1.58대),412세대,11/14층,-
"17억 7,000",매매,공동주택,155.59㎡/130.89㎡(전용률84%),35만원,-,-/-,중앙난방/도시가스,2458252383,확트인 조망  올수리 확장 매매가 협의 4룸 화2 판상형구조,4/2개,남동향(거실 기준),없음,https://landthumb-phinf.pstatic.net/20120327_34/hscp_img_13328359056764Svoj_JPEG/GW70765_1332835904341.jpg,2025년 2월 5일 협의가능,대림 106동,서울시 서초구 우면동 57,653대(세대당 1.58대),412세대,14/14층,계단식
"10억 5,000",전세,공동주택,155.59㎡/130.89㎡(전용률84%),45만원,-,-,중앙난방/도시가스,2458242495,전용률좋은판상형구조 방4 화2  올수리 조망좋은집,4/2개,남동향(거실 기준),-,https://landthumb-phinf.pstatic.net/20120327_34/hscp_img_13328359056764Svoj_JPEG/GW70765_1332835904341.jpg,2024년 12월 26일 협의가능,대림 106동,서울시 서초구 우면동 57,653대(세대당 1.58대),412세대,14/14층,계단식
"17억 7,000",매매,공동주택,155.59㎡/130.89㎡(전용률84%),45만원,-,"10억5,000/-",중앙난방/도시가스,2458239407,전용률좋은판상형구조 방4 화2  올수리 조망좋은집,4/2개,남동향(거실 기준),없음,https://landthumb-phinf.pstatic.net/20120327_34/hscp_img_13328359056764Svoj_JPEG/GW70765_1332835904341.jpg,2024년 12월 26일 협의가능,대림 106동,서울시 서초구 우면동 57,653대(세대당 1.58대),412세대,14/14층,계단식
"17억 8,000",매매,공동주택,155.59㎡/130.89㎡(전용률84%),47만원,-,-/-,중앙난방/도시가스,2458228317,방4화2 우면산 숲세권 전망좋은집 입주가능,4/2개,남동향(거실 기준),-,https://landthumb-phinf.pstatic.net/20120327_34/hscp_img_13328359056764Svoj_JPEG/GW70765_1332835904341.jpg,즉시입주,대림 103동,서울시 서초구 우면동 57,653대(세대당 1.58대),412세대,14/15층,-
5억/200,월세,공동주택,155.59㎡/130.89㎡(전용률84%),45만원,-,-,중앙난방/도시가스,2458255067,전용률좋은판상형구조  올수리최상 4룸 화2  입주일협의,4/2개,남향(거실 기준),-,https://landthumb-phinf.pstatic.net/20120327_34/hscp_img_13328359056764Svoj_JPEG/GW70765_1332835904341.jpg,즉시입주 협의가능,대림 102동,서울시 서초구 우면동 57,653대(세대당 1.58대),412세대,1/15층,계단식
"17억 8,000",매매,공동주택,155.59㎡/130.89㎡(전용률84%),47만원,-,-/-,중앙난방/도시가스,2458036922,우면산 숲세권 대형평수 방4화2 거실전망좋음 입주가능,4/2개,남동향(거실 기준),-,https://landthumb-phinf.pstatic.net/20120327_34/hscp_img_13328359056764Svoj_JPEG/GW70765_1332835904341.jpg,즉시입주 협의가능,대림 103동,서울시 서초구 우면동 57,653대(세대당 1.58대),412세대,14/15층,-
"10억 5,000",전세,공동주택,155.59㎡/130.89㎡(전용률84%),35만원,-,-,중앙난방/도시가스,2458103403,남향 올수리 탁트인조망권 층간소음걱정끝 주차좋아요,4/2개,남동향(거실 기준),-,https://landthumb-phinf.pstatic.net/20120327_34/hscp_img_13328359056764Svoj_JPEG/GW70765_1332835904341.jpg,즉시입주 협의가능,대림 106동,서울시 서초구 우면동 57,653대(세대당 1.58대),412세대,14/14층,-
10억,전세,공동주택,155.59㎡/130.89㎡(전용률84%),47만원,-,-,중앙난방/도시가스,2457773984,로얄층 방4화2 올수리 초등학교 바로 뒤 거실에서 우면산조망 주차좋음,4/2개,남서향(거실 기준),-,https://landthumb-phinf.pstatic.net/20120327_34/hscp_img_13328359056764Svoj_JPEG/GW70765_1332835904341.jpg,즉시입주 협의가능,대림 102동,서울시 서초구 우면동 57,653대(세대당 1.58대),412세대,13/15층,-
18억,매매,공동주택,155.59㎡/130.89㎡(전용률84%),47만원,-,-/-,중앙난방/도시가스,2457767732,로얄층 내부깔끔 전망좋은집 우면산숲세권 입주가능,4/2개,남동향(거실 기준),-,https://landthumb-phinf.pstatic.net/20120327_34/hscp_img_13328359056764Svoj_JPEG/GW70765_1332835904341.jpg,즉시입주 협의가능,대림 104동,서울시 서초구 우면동 57,653대(세대당 1.58대),412세대,8/15층,-
"6억 5,000",전세,공동주택,105.47㎡/84.96㎡(전용률81%),27만원,-,-,개별난방/도시가스,2458479817,방3화2 남동향 귀한전세 초등학교 앞 위치 대기업도보거리 입주협의,3/2개,남동향(거실 기준),-,https://landthumb-phinf.pstatic.net/20120327_155/hscp_img_1332835921529Hj2oh_JPEG/GW70765_1332835920143.jpg,즉시입주 협의가능,동고 105동,서울시 서초구 우면동 59,281대(세대당 0.85대),132세대,1/15층,-
13억,매매,공동주택,96.98㎡/77.14㎡(전용률80%),15만원,-,-/-,개별난방/도시가스,2458355510,방3 화1 올수리 확장 현재 전세 5.5억 25만원 전세포함 매매,3/1개,남서향(거실 기준),없음,https://landthumb-phinf.pstatic.net/20120327_11/hscp_img_1332835915627Vwlvx_JPEG/GW70765_1332835914566.jpg,2026년 4월 10일 협의가능,동고 105동,서울시 서초구 우면동 59,281대(세대당 0.85대),198세대,5/15층,계단식
"14억 2,000",매매,공동주택,105.47㎡/84.96㎡(전용률81%),27만원,-,-/-,개별난방/도시가스,2458477648,특올수리 로얄동 남향 방3화2 거실 앞 공원 초등학교 앞 입주가능,3/2개,남동향(거실 기준),-,https://landthumb-phinf.pstatic.net/20120327_155/hscp_img_1332835921529Hj2oh_JPEG/GW70765_1332835920143.jpg,즉시입주 협의가능,동고 105동,서울시 서초구 우면동 59,281대(세대당 0.85대),132세대,2/15층,-
"13억 4,000",매매,공동주택,105.47㎡/84.96㎡(전용률81%),27만원,-,-/-,개별난방/도시가스,2458478018,로얄층 방3화2 내부깔끔 앞뒤전망굿 초등학교앞위치 입주가능,3/2개,남서향(거실 기준),-,https://landthumb-phinf.pstatic.net/20120327_155/hscp_img_1332835921529Hj2oh_JPEG/GW70765_1332835920143.jpg,즉시입주 협의가능,동고 102동,서울시 서초구 우면동 59,281대(세대당 0.85대),132세대,9/12층,-
13억,매매,공동주택,96.98㎡/77.14㎡(전용률80%),21만원,-,-/-,개별난방/도시가스,2458227832,특올수리 로얄동 거실에서 사계절 아름다운 우면산 조망권,3/1개,남서향(거실 기준),-,https://landthumb-phinf.pstatic.net/20120327_11/hscp_img_1332835915627Vwlvx_JPEG/GW70765_1332835914566.jpg,2025년 6월 1일 협의가능,동고 104동,서울시 서초구 우면동 59,281대(세대당 0.85대),198세대,12/13층,-
"13억 4,000",매매,공동주택,105.47㎡/84.96㎡(전용률81%),25만원,-,-/-,개별난방/도시가스,2458255615,조망좋은 조용한숲세권아파트  올수리 입주가능 급매물,3/2개,남서향(거실 기준),없음,https://landthumb-phinf.pstatic.net/20120327_155/hscp_img_1332835921529Hj2oh_JPEG/GW70765_1332835920143.jpg,즉시입주 협의가능,동고 102동,서울시 서초구 우면동 59,281대(세대당 0.85대),132세대,9/12층,계단식
6억,전세,공동주택,96.98㎡/77.14㎡(전용률80%),23만원,-,-,개별난방/도시가스,2458256055,조용한숲세권아파트  입주일협의 가격조절가능,3/1개,남동향(거실 기준),-,https://landthumb-phinf.pstatic.net/20120327_11/hscp_img_1332835915627Vwlvx_JPEG/GW70765_1332835914566.jpg,2025년 1월 30일 협의가능,동고 101동,서울시 서초구 우면동 59,300대(세대당 1대),198세대,4/15층,계단식
13억,매매,공동주택,96.98㎡/77.14㎡(전용률80%),25만원,-,-/-,개별난방/도시가스,2458244816,올수리됨 앞공원이 내집정원느낌 세안고 매입원하는분,3/1개,남동향(거실 기준),-,https://landthumb-phinf.pstatic.net/20120327_11/hscp_img_1332835915627Vwlvx_JPEG/GW70765_1332835914566.jpg,2026년 4월 15일 협의가능,동고 105동,서울시 서초구 우면동 59,281대(세대당 0.85대),198세대,5/15층,-
"13억 4,000",매매,공동주택,105.47㎡/84.96㎡(전용률81%),25만원,-,-/-,개별난방/도시가스,2458244418,전용률좋은판상형구조 올수리 급매물  입주가능,3/2개,남서향(거실 기준),없음,https://landthumb-phinf.pstatic.net/20120327_155/hscp_img_1332835921529Hj2oh_JPEG/GW70765_1332835920143.jpg,즉시입주 협의가능,동고 102동,서울시 서초구 우면동 59,281대(세대당 0.85대),132세대,9/12층,계단식
6억,전세,공동주택,96.98㎡/77.14㎡(전용률80%),23만원,-,-,개별난방/도시가스,2458245379,전용률좋은판상형구조 남향집 입주일협의 가격조절가능,3/1개,남동향(거실 기준),-,https://landthumb-phinf.pstatic.net/20120327_11/hscp_img_1332835915627Vwlvx_JPEG/GW70765_1332835914566.jpg,2025년 1월 30일 협의가능,동고 101동,서울시 서초구 우면동 59,330대(세대당 1대),198세대,4/15층,계단식
14억,매매,공동주택,105.47㎡/84.96㎡(전용률81%),27만원,-,-/-,개별난방/도시가스,2458245521,남향  특올수리 로얄층 방3화2 도심속 숲세권,3/2개,남향(거실 기준),-,https://landthumb-phinf.pstatic.net/20120327_155/hscp_img_1332835921529Hj2oh_JPEG/GW70765_1332835920143.jpg,즉시입주 협의가능,동고 101동,서울시 서초구 우면동 59,281대(세대당 0.85대),132세대,9/15층,-
"12억 5,000",매매,공동주택,96.98㎡/77.14㎡(전용률80%),25만원,-,-/-,개별난방/도시가스,2458097856,거실에서 우면산조망권 사계절이아름다운곳 바로앞초등학교,3/1개,남서향(거실 기준),없음,https://landthumb-phinf.pstatic.net/20120327_11/hscp_img_1332835915627Vwlvx_JPEG/GW70765_1332835914566.jpg,2025년 8월 30일 협의가능,동고 104동,서울시 서초구 우면동 59,281대(세대당 0.85대),198세대,3/13층,-
"6억 5,000",전세,공동주택,105.47㎡/84.96㎡(전용률81%),27만원,-,-,개별난방/도시가스,2458031608,남동향 귀한전세 방3화2 초등학교 앞 위치 아이키우기 좋은 집,3/2개,남동향(거실 기준),-,https://landthumb-phinf.pstatic.net/20120327_155/hscp_img_1332835921529Hj2oh_JPEG/GW70765_1332835920143.jpg,즉시입주 협의가능,동고 105동,서울시 서초구 우면동 59,281대(세대당 0.85대),132세대,1/15층,-
14억,매매,공동주택,105.47㎡/84.96㎡(전용률81%),27만원,-,-/-,개별난방/도시가스,2458036732,초등학교앞 방3화2 입주가능 남향 로얄층,3/2개,남향(거실 기준),-,https://landthumb-phinf.pstatic.net/20120327_155/hscp_img_1332835921529Hj2oh_JPEG/GW70765_1332835920143.jpg,즉시입주 협의가능,동고 101동,서울시 서초구 우면동 59,281대(세대당 0.85대),132세대,9/15층,계단식
13억,매매,공동주택,96.98㎡/77.14㎡(전용률80%),10만원,-,-/-,개별난방/도시가스,2457692750,특올수리 로얄동 거실에서 우면산의 사계절을 볼수있슴 전세5.4억,3/1개,남서향(거실 기준),없음,https://landthumb-phinf.pstatic.net/20120327_11/hscp_img_1332835915627Vwlvx_JPEG/GW70765_1332835914566.jpg,2025년 6월 2일 협의가능,동고 104동,서울시 서초구 우면동 59,281대(세대당 0.85대),198세대,12/13층,계단식
"12억 8,000",매매,공동주택,96.98㎡/77.14㎡(전용률80%),27만원,-,-/-,개별난방/도시가스,2457766605,남향 방3화1 거실에서 공원뷰 초등학교 앞 위치 입주가능,3/1개,남동향(거실 기준),-,https://landthumb-phinf.pstatic.net/20120327_11/hscp_img_1332835915627Vwlvx_JPEG/GW70765_1332835914566.jpg,즉시입주 협의가능,동고 105동,서울시 서초구 우면동 59,281대(세대당 0.85대),198세대,3/15층,-
"12억 8,000",매매,공동주택,96.98㎡/77.14㎡(전용률80%),27만원,-,-/-,개별난방/도시가스,2457525883,입주가능한 방3화1 공원뷰 바로 앞 초등학교 쾌적한 주거환경,3/1개,남동향(거실 기준),-,https://landthumb-phinf.pstatic.net/20120327_11/hscp_img_1332835915627Vwlvx_JPEG/GW70765_1332835914566.jpg,즉시입주 협의가능,동고 105동,서울시 서초구 우면동 59,281대(세대당 0.85대),198세대,3/15층,-
"13억 4,000",매매,공동주택,105.47㎡/84.96㎡(전용률81%),27만원,-,-/-,개별난방/도시가스,2457559239,로얄동 로얄층 앞뒤전망좋음  방3화2 입주맞춰드립니다,3/2개,남서향(거실 기준),-,https://landthumb-phinf.pstatic.net/20120327_155/hscp_img_1332835921529Hj2oh_JPEG/GW70765_1332835920143.jpg,즉시입주 협의가능,동고 102동,서울시 서초구 우면동 59,281대(세대당 0.85대),132세대,9/12층,-
"12억 5,000",매매,공동주택,96.98㎡/77.14㎡(전용률80%),27만원,-,-/-,개별난방/도시가스,2457352178,우면산뷰 로얄동 로얄층 올수리 숲세권 초세권 아파트,3/1개,남서향(거실 기준),-,https://landthumb-phinf.pstatic.net/20120327_11/hscp_img_1332835915627Vwlvx_JPEG/GW70765_1332835914566.jpg,즉시입주 협의가능,동고 104동,서울시 서초구 우면동 59,281대(세대당 0.85대),198세대,6/13층,계단식
"13억 8,000",매매,공동주택,105.47㎡/84.96㎡(전용률81%),27만원,-,-/-,개별난방/도시가스,2457360986,로얄동 로얄층 입주가 우면산아래 숲세권아파트,3/2개,남동향(거실 기준),-,https://landthumb-phinf.pstatic.net/20120327_155/hscp_img_1332835921529Hj2oh_JPEG/GW70765_1332835920143.jpg,즉시입주 협의가능,동고 105동,서울시 서초구 우면동 59,281대(세대당 0.85대),132세대,7/15층,-
9억,전세,공동주택,178.87㎡/163.98㎡(전용률92%),35만원,-,-,개별난방/도시가스,2456633532,53 월세 가능 귀한매물 집상태 최상 넓은 베란다 주차편리,4/2개,남향(거실 기준),-,,즉시입주,힐하우스 1동,서울시 서초구 양재동 378-1,35대(세대당 2.18대),14세대,중/8층,-
20억,매매,공동주택,178.87㎡/163.98㎡(전용률92%),35만원,-,-/-,개별난방/도시가스,2456634079,금액협의 입주가능 넓은 베란다  주차편리 모아주택 지정 대지지분25.19,4/2개,남향(거실 기준),-,,즉시입주,힐하우스 1동,서울시 서초구 양재동 378-1,35대(세대당 2.18대),14세대,중/8층,-
17억,매매,공동주택,178.87㎡/163.98㎡(전용률92%),30만원,정액관리비,-/-,개별난방/도시가스,2455985068,"대형아파트, 모아1구역중 A3구역, 포스코의 아파트, 방4화2, 실입주가",4/2개,남동향(거실 기준),없음,,즉시입주 협의가능,힐하우스 1동,서울시 서초구 양재동 378-1,35대(세대당 2.19대),14세대,중/8층,계단식
"11억 5,000",매매,-,73.06㎡/52.47㎡(전용률72%),12만원,-,-/-,개별난방/도시가스,2458478856,조용한 로얄동 예쁜단지 지분많은 저층아파트 지하주차굿 세안고매입,2/1개,남동향(거실 기준),-,https://landthumb-phinf.pstatic.net/20120327_265/hscp_img_1332835956592XDYiC_JPEG/GW70765_1332835954821.jpg,즉시입주 협의가능,코오롱 106동,서울시 서초구 우면동 70,308대(세대당 1.02대),300세대,2/6층,-
"11억 5,000",매매,공동주택,73.06㎡/52.47㎡(전용률72%),15만원,-,-/-,개별난방/도시가스,2458355683,"급매 2025년 4월이후입주 지분많고 양재역,시민의숲 도보거리",2/1개,동향(거실 기준),-,https://landthumb-phinf.pstatic.net/20120327_265/hscp_img_1332835956592XDYiC_JPEG/GW70765_1332835954821.jpg,2025년 4월 17일 협의가능,코오롱 106동,서울시 서초구 우면동 70,308대(세대당 1.02대),300세대,2/6층,복도식
"11억 5,000",매매,-,73.06㎡/52.47㎡(전용률72%),12만원,-,-/-,개별난방/도시가스,2458254225,착한금액 지분많은 저층아파트 세안고 투자하실분 추천드립니다,2/1개,남동향(거실 기준),-,https://landthumb-phinf.pstatic.net/20120327_265/hscp_img_1332835956592XDYiC_JPEG/GW70765_1332835954821.jpg,2025년 4월 24일 협의가능,코오롱 106동,서울시 서초구 우면동 70,308대(세대당 1.02대),300세대,2/6층,-
"11억 5,000",매매,-,73.06㎡/52.47㎡(전용률72%),11만원,-,"5,000/140만원",개별난방/도시가스,2458320361,대기업인근 숲세권 지분많은투자물 입주협의 올수리 가결절충유,2/1개,남동향(거실 기준),없음,https://landthumb-phinf.pstatic.net/20120327_265/hscp_img_1332835956592XDYiC_JPEG/GW70765_1332835954821.jpg,2025년 2월 1일 협의가능,코오롱 106동,서울시 서초구 우면동 70,308대(세대당 1.02대),300세대,2/6층,복도식
12억,매매,-,73.06㎡/52.47㎡(전용률72%),12만원,-,-/-,개별난방/도시가스,2458255120,멀리청계산까지 탁트인조망권 햇살잘들고 밝은집 입주가능,2/1개,남동향(거실 기준),없음,https://landthumb-phinf.pstatic.net/20120327_265/hscp_img_1332835956592XDYiC_JPEG/GW70765_1332835954821.jpg,즉시입주 협의가능,코오롱 101동,서울시 서초구 우면동 70,308대(세대당 1.02대),300세대,5/6층,-
11억,매매,-,73.06㎡/52.47㎡(전용률72%),12만원,-,-/-,개별난방/도시가스,2458320088,조망좋은숲세권아파트  지분많은저층아파트 올수리,2/1개,남동향(거실 기준),없음,https://landthumb-phinf.pstatic.net/20120327_265/hscp_img_1332835956592XDYiC_JPEG/GW70765_1332835954821.jpg,2025년 5월 1일 협의가능,코오롱 106동,서울시 서초구 우면동 70,308대(세대당 1.02대),300세대,5/6층,복도식
"11억 5,000",매매,-,73.06㎡/52.47㎡(전용률72%),12만원,-,-/-,개별난방/도시가스,2458227349,남향 착한금액 고지분 저층아파트 지하주차완벽 세안고 매입,2/1개,남동향(거실 기준),-,https://landthumb-phinf.pstatic.net/20120327_265/hscp_img_1332835956592XDYiC_JPEG/GW70765_1332835954821.jpg,즉시입주 협의가능,코오롱 106동,서울시 서초구 우면동 70,308대(세대당 1.02대),300세대,2/6층,-
12억,매매,-,73.06㎡/52.47㎡(전용률72%),12만원,-,-/-,개별난방/도시가스,2458034979,거실에서 탁 트인 전망 고지분 저층아파트 지하주차편리 내부깔끔 입주가능,2/1개,남동향(거실 기준),-,https://landthumb-phinf.pstatic.net/20120327_265/hscp_img_1332835956592XDYiC_JPEG/GW70765_1332835954821.jpg,즉시입주 협의가능,코오롱 101동,서울시 서초구 우면동 70,308대(세대당 1.02대),300세대,5/6층,-
12억,매매,공동주택,73.06㎡/52.47㎡(전용률72%),11만원,-,-/-,개별난방/도시가스,2457845306,탁트인전망 입주가능 상태깨끗 주차걱정무 지분많은저층,2/1개,남향(거실 기준),없음,https://landthumb-phinf.pstatic.net/20120327_265/hscp_img_1332835956592XDYiC_JPEG/GW70765_1332835954821.jpg,2024년 11월 20일 협의가능,코오롱 101동,서울시 서초구 우면동 70,308대(세대당 1.02대),300세대,5/6층,복도식
12억,매매,-,73.06㎡/52.47㎡(전용률72%),14만원,-,-/-,개별난방/도시가스,2457764701,입주가능 전망 끝내주는 로얄층 지분많은 아파트,2/1개,남동향(거실 기준),-,https://landthumb-phinf.pstatic.net/20120327_265/hscp_img_1332835956592XDYiC_JPEG/GW70765_1332835954821.jpg,즉시입주 협의가능,코오롱 101동,서울시 서초구 우면동 70,308대(세대당 1.02대),300세대,5/6층,복도식
"11억 7,000",매매,-,73.06㎡/52.47㎡(전용률72%),12만원,-,-/-,개별난방/도시가스,2458255703,지분많은 저층아파트 세안고 투자하실분 추천드립니다,2/1개,남동향(거실 기준),-,https://landthumb-phinf.pstatic.net/20120327_265/hscp_img_1332835956592XDYiC_JPEG/GW70765_1332835954821.jpg,즉시입주 협의가능,코오롱 105동,서울시 서초구 우면동 70,308대(세대당 1.02대),300세대,중/6층,-
"11억 5,000",매매,-,73.06㎡/52.47㎡(전용률72%),12만원,-,-/-,개별난방/도시가스,2458227181,로얄동 로얄층 엘베유 조용하고 쾌적한 주거환경 지하주차완벽 세안고매입,2/1개,남동향(거실 기준),-,https://landthumb-phinf.pstatic.net/20120327_265/hscp_img_1332835956592XDYiC_JPEG/GW70765_1332835954821.jpg,즉시입주 협의가능,코오롱 105동,서울시 서초구 우면동 70,308대(세대당 1.02대),300세대,중/6층,-
5억,전세,공동주택,73.06㎡/52.47㎡(전용률72%),15만원,-,-,개별난방/도시가스,2457849954,상태깨끗 앞전망굿 주차걱정없는단지,2/1개,남향(거실 기준),-,https://landthumb-phinf.pstatic.net/20120327_265/hscp_img_1332835956592XDYiC_JPEG/GW70765_1332835954821.jpg,2025년 2월 3일,코오롱 101동,서울시 서초구 우면동 70,308대(세대당 1.02대),300세대,고/6층,복도식
"11억 6,000",매매,공동주택,73.06㎡/52.47㎡(전용률72%),15만원,-,-/-,개별난방/도시가스,2457844968,입주가능  로얄층로얄라인 주차걱정무,2/1개,남향(거실 기준),-,https://landthumb-phinf.pstatic.net/20120327_265/hscp_img_1332835956592XDYiC_JPEG/GW70765_1332835954821.jpg,즉시입주 협의가능,코오롱 103동,서울시 서초구 우면동 70,308대(세대당 1.02대),300세대,중/6층,복도식
"11억 7,000",매매,-,73.06㎡/52.47㎡(전용률72%),12만원,-,-/-,개별난방/도시가스,2457350980,로얄동 로얄층 지분많은 저층아파트 세안고 투자 엘베유 지하주차굿,2/1개,남동향(거실 기준),-,https://landthumb-phinf.pstatic.net/20120327_265/hscp_img_1332835956592XDYiC_JPEG/GW70765_1332835954821.jpg,즉시입주 협의가능,코오롱 105동,서울시 서초구 우면동 70,308대(세대당 1.02대),300세대,중/6층,-
5억,전세,공동주택,73.06㎡/52.47㎡(전용률72%),12만원,-,-,개별난방/도시가스,2458252438,남향 로얄층 숲세권  쾌적한 주거환경,2/1개,남동향(거실 기준),-,https://landthumb-phinf.pstatic.net/20120327_265/hscp_img_1332835956592XDYiC_JPEG/GW70765_1332835954821.jpg,즉시입주 협의가능,코오롱 105동,서울시 서초구 우면동 70,308대(세대당 1.02대),300세대,5/6층,복도식
12억,매매,공동주택,73.06㎡/52.47㎡(전용률72%),13만원,정액관리비,"4억5,000/-",개별난방/도시가스,2458250757,조용한 로얄동 로얄층으로 전세안고 투자,2/1개,남동향(안방 기준),-,https://landthumb-phinf.pstatic.net/20120327_265/hscp_img_1332835956592XDYiC_JPEG/GW70765_1332835954821.jpg,2025년 10월 초순 협의가능,코오롱 104동,서울시 서초구 우면동 70,308대(세대당 1.02대),300세대,4/6층,복도식
11억,매매,-,73.06㎡/52.47㎡(전용률72%),12만원,-,-/-,개별난방/도시가스,2456117530,로얄동 로얄층 지분많은 저층아파트  주차좋아요,2/1개,남동향(거실 기준),없음,https://landthumb-phinf.pstatic.net/20120327_265/hscp_img_1332835956592XDYiC_JPEG/GW70765_1332835954821.jpg,즉시입주 협의가능,코오롱 106동,서울시 서초구 우면동 70,308대(세대당 1.02대),300세대,5/6층,-
"11억 5,000",매매,공동주택,73.06㎡/52.47㎡(전용률72%),13만원,정액관리비,-/-,개별난방/도시가스,2455921289,조용한 동 0 올 수리됨 0 입주가,2/1개,남동향(거실 기준),-,https://landthumb-phinf.pstatic.net/20120327_265/hscp_img_1332835956592XDYiC_JPEG/GW70765_1332835954821.jpg,2025년 04월 하순 협의가능,코오롱 106동,서울시 서초구 우면동 70,308대(세대당 1.02대),300세대,2/6층,복도식
"5,000/180",월세,공동주택,73.06㎡/52.47㎡(전용률72%),15만원,-,-,개별난방/도시가스,2455977648,올수리 전망굿 주차완벽 빠른입주가능,2/1개,남향(거실 기준),-,https://landthumb-phinf.pstatic.net/20120327_265/hscp_img_1332835956592XDYiC_JPEG/GW70765_1332835954821.jpg,즉시입주,코오롱 101동,서울시 서초구 우면동 70,308대(세대당 1.02대),300세대,4/6층,복도식
20억,매매,공동주택,156.65㎡/146.56㎡(전용률94%),10만원,정액관리비,-/-,개별난방/도시가스,2456534403,가칭 1구역의 넓은 아파트 입니다,5/2개,남서향(거실 기준),"10억6,000만원",,2024년 11월 중순 협의가능,현대 1동,서울시 서초구 양재동 370,21대(세대당 1.1대),12세대,고/7층,계단식
20억,매매,공동주택,156.65㎡/146.56㎡(전용률94%),30만원,정액관리비,-/-,개별난방/도시가스,2454493420,모아타운1구역.밝고 확트인 남향.  경비원상주.입주협의,4/2개,남향(거실 기준),-,,2024년 11월 28일 협의가능,현대 1동,서울시 서초구 양재동 370,1대(세대당 1대),12세대,5/7층,복합식
18억,매매,공동주택,174.42㎡/147.26㎡(전용률84%),40만원,-,-/-,개별난방/도시가스,2456597296,53 4룸 화장실2 대모산뷰 전용이 넓은 아파트,4/2개,남동향(거실 기준),-,,즉시입주 협의가능,현대빌라트 1동,서울시 강남구 개포동 1165,26대(세대당 1.85대),1세대,고/8층,계단식
19억,매매,-,178.91㎡/151.05㎡(전용률84%),27만원,-,-/-,개별난방/도시가스,2455731484,집주인직접의뢰 확실매물 최근특올수리 고층로얄층 복층 넓은실평수 탁트인뷰,4/3개,남향(거실 기준),-,,즉시입주 협의가능,현대빌라트 1동,서울시 강남구 개포동 1165,26대(세대당 1.85대),1세대,고/8층,-
18억,매매,-,174.42㎡/147.26㎡(전용률84%),30만원,-,6억/-,개별난방/도시가스,2455534504,V뷰맛집예쁜개인정원있는올리모델링된포룸세안고급매추천매물금액조절가능,4/2개,남향(거실 기준),-,,2025년 07월 중순,현대빌라트 1동,서울시 강남구 개포동 1165,26대(세대당 1.86대),1세대,고/8층,계단식
"7억 5,000",매매,공동주택,80.06㎡/69.55㎡(전용률87%),8만원,-,4억/-,개별난방/도시가스,2458029410,달터공원뷰를품은 지분 큰 3룸 아파트.신통기획 추진개포4동 1구역 갭투자,3/2개,동향(거실 기준),-,,2025년 12월 7일,뉴현대파크빌 1동,서울시 강남구 개포동 1164-30,10대(세대당 1대),1세대,고/5층,-
"9억 5,000",매매,공동주택,84.67㎡/73.55㎡(전용률87%),20만원,-,-/-,개별난방/도시가스,2457491080,집주인직접의뢰 확실매물 달터공원뷰 주차장완비 협의가능,3/2개,동향(거실 기준),-,,즉시입주 협의가능,뉴현대파크빌 1동,서울시 강남구 개포동 1164-30,10대(세대당 1대),2세대,중/5층,-
"8억 8,500",매매,공동주택,92.5㎡/79.54㎡(전용률86%),"6만 5,000원",정액관리비,-/-,개별난방/도시가스,2458507181,-,3/2개,북동향(안방 기준),없음,,즉시입주,휴먼시티 1동,서울시 서초구 양재동 402-15,19대(세대당 1대),2세대,3/7층,계단식
"5억 8,000",매매,공동주택,36.82㎡/29.95㎡(전용률81%),8만원,정액관리비,4억/-,개별난방/도시가스,2457588785,"준신축급,넓은 3룸,거실,고층,협의입주가능,갭투자가능",3/2개,남향(거실 기준),없음,,즉시입주,개포비버리하임(도시형) 102동,서울시 강남구 개포동 1193-5,14대(세대당 0대),1세대,고/6층,계단식
11억,매매,공동주택,82.85㎡/73.5㎡(전용률89%),10만원,정액관리비,-/-,개별난방/도시가스,2457658290,방3 욕실2 입주가능,3/2개,남동향(거실 기준),-,https://landthumb-phinf.pstatic.net/20140916_197/hscp_img_1410852936207iJ0R3_JPEG/photoinfra_1410852935712.jpg,즉시입주 협의가능,새롬 3동,서울시 강남구 개포동 1164-14,12대(세대당 1대),10세대,3/7층,계단식
10억,매매,공동주택,69.54㎡/59.67㎡(전용률86%),10만원,정액관리비,-/-,개별난방/도시가스,2457589304,"급매,올리모델링,복층구조,탁트인뷰,남향,입주가능,갭투자가능",4/2개,남향(거실 기준),없음,,즉시입주 협의가능,새롬 2동,서울시 강남구 개포동 1164-14,15대(세대당 1.1대),7세대,8/8층,계단식
5억,전세,공동주택,82.85㎡/73.5㎡(전용률89%),11만원,-,-,개별난방/도시가스,2458320925,넓은 평수의 3룸화2 엘베있는 깔끔한 아파트,3/2개,남향(거실 기준),-,https://landthumb-phinf.pstatic.net/20140916_197/hscp_img_1410852936207iJ0R3_JPEG/photoinfra_1410852935712.jpg,2025년 02월 중순 협의가능,새롬 3동,서울시 강남구 개포동 1164-14,12대(세대당 0.29대),10세대,중/7층,계단식
9억,매매,공동주택,69.87㎡/59.96㎡(전용률86%),10만원,-,-/-,개별난방/도시가스,2457855429,V로얄R급매뻥뷰채광좋은남향아파트실거주및세안고강추가격조절가능,3/2개,남향(거실 기준),-,,2024년 12월 중순 협의가능,새롬 2동,서울시 강남구 개포동 1164-14,12대(세대당 0.29대),7세대,중/8층,계단식
11억,매매,공동주택,82.85㎡/73.5㎡(전용률89%),8만원,정액관리비,-/-,개별난방/도시가스,2457593005,"입주,갭투자 ,남향,수리된 3룸",3/2개,남향(거실 기준),-,https://landthumb-phinf.pstatic.net/20140916_197/hscp_img_1410852936207iJ0R3_JPEG/photoinfra_1410852935712.jpg,즉시입주 협의가능,새롬 3동,서울시 강남구 개포동 1164-14,12대(세대당 0.29대),10세대,중/7층,-
8억,매매,공동주택,70.15㎡/57.93㎡(전용률83%),7만원,-,-/-,개별난방/도시가스,2458179018,"방3 화장실1의 올수리된 아파트. 국악고, 포이초 도보 5분거리",3/1개,남향(거실 기준),-,,2025년 8월 13일,새롬 1동,서울시 강남구 개포동 1164-14,12대(세대당 0.8대),12세대,6/7층,계단식
11억,매매,공동주택,82.85㎡/73.5㎡(전용률89%),10만원,정액관리비,-/-,개별난방/도시가스,2457581585,개포동 아파트 매매,3/2개,남향(거실 기준),-,https://landthumb-phinf.pstatic.net/20140916_197/hscp_img_1410852936207iJ0R3_JPEG/photoinfra_1410852935712.jpg,즉시입주 협의가능,새롬 3동,서울시 강남구 개포동 1164-14,12대(세대당 1대),10세대,3/7층,계단식
10억,매매,공동주택,69.54㎡/59.67㎡(전용률86%),8만원,-,-/-,개별난방/도시가스,2454593404,R로얄매물구룡산고층뻥뷰남향채광좋은집내부컨디션굿실거주or투자용강추,3/2개,남향(거실 기준),-,,2024년 12월 중순 협의가능,새롬 2동,서울시 강남구 개포동 1164-14,12대(세대당 0.29대),7세대,8/8층,계단식
7억,매매,공동주택,70.15㎡/57.93㎡(전용률83%),8만원,-,-/-,개별난방/도시가스,2457854583,V핫급매추천물건실거주or갭투자가능 주방거실분리형방3개신혼부부강추,3/1개,남향(거실 기준),-,,2024년 12월 중순 협의가능,새롬 1동,서울시 강남구 개포동 1164-14,12대(세대당 0.29대),12세대,중/7층,계단식
11억,매매,공동주택,82.85㎡/73.5㎡(전용률89%),10만원,정액관리비,-/-,개별난방/도시가스,2457588114,양재대로 조용한 주택가 아파트 1구역,3/2개,남향(거실 기준),없음,https://landthumb-phinf.pstatic.net/20140916_197/hscp_img_1410852936207iJ0R3_JPEG/photoinfra_1410852935712.jpg,즉시입주 협의가능,새롬 3동,서울시 강남구 개포동 1164-14,12대(세대당 1대),10세대,중/7층,계단식
10억,매매,공동주택,82.85㎡/73.5㎡(전용률89%),10만원,정액관리비,"5억3,000/-",개별난방/도시가스,2454808807,"갭투자 ,남향,내부상태 리모델링 됨,",3/2개,남향(거실 기준),없음,https://landthumb-phinf.pstatic.net/20140916_197/hscp_img_1410852936207iJ0R3_JPEG/photoinfra_1410852935712.jpg,2026년 5월 10일 협의가능,새롬 3동,서울시 강남구 개포동 1164-14,12대(세대당 1대),10세대,고/7층,계단식
5억,전세,공동주택,82.85㎡/73.5㎡(전용률89%),10만원,정액관리비,-,개별난방/도시가스,2456294413,"넓은3룸,남향,내부상태 굿,뷰좋음,지정주차,전세자금대출가능",3/2개,남향(거실 기준),-,https://landthumb-phinf.pstatic.net/20140916_197/hscp_img_1410852936207iJ0R3_JPEG/photoinfra_1410852935712.jpg,2025년 02월 하순 협의가능,새롬 3동,서울시 강남구 개포동 1164-14,12대(세대당 0.29대),10세대,중/7층,계단식
11억,매매,공동주택,82.85㎡/73.5㎡(전용률89%),10만원,정액관리비,-/-,개별난방/도시가스,2455607129,개포동 전망 촣은 아파트,3/2개,남향(거실 기준),없음,https://landthumb-phinf.pstatic.net/20140916_197/hscp_img_1410852936207iJ0R3_JPEG/photoinfra_1410852935712.jpg,즉시입주,새롬 3동,서울시 강남구 개포동 1164-14,12대(세대당 0.29대),10세대,중/7층,계단식
11억,매매,공동주택,82.85㎡/73.5㎡(전용률89%),10만원,정액관리비,-/-,개별난방/도시가스,2454586759,V꿀급매구룡산마운틴뻥뷰햇살좋은남향강남아파트입성마지막기회지정주차확보,3/2개,남향(거실 기준),-,https://landthumb-phinf.pstatic.net/20140916_197/hscp_img_1410852936207iJ0R3_JPEG/photoinfra_1410852935712.jpg,2024년 12월 하순 협의가능,새롬 3동,서울시 강남구 개포동 1164-14,-(세대당 0.29대),10세대,중/7층,계단식
10억,매매,공동주택,82.85㎡/73.5㎡(전용률89%),10만원,-,-/-,개별난방/도시가스,2453840399,갭투자만 가능한3룸 아파트.채광.환기.전망 굿.주차편리,3/2개,남향(거실 기준),-,https://landthumb-phinf.pstatic.net/20140916_197/hscp_img_1410852936207iJ0R3_JPEG/photoinfra_1410852935712.jpg,2026년 6월 2일,새롬 3동,서울시 강남구 개포동 1164-14,12대(세대당 12대),10세대,고/7층,-
11억,매매,공동주택,82.85㎡/73.5㎡(전용률89%),10만원,-,-/-,개별난방/도시가스,2453121944,입주가능한 개포동 아파트.내부리모델링한 깨끗한 내부,3/2개,남향(거실 기준),없음,https://landthumb-phinf.pstatic.net/20140916_197/hscp_img_1410852936207iJ0R3_JPEG/photoinfra_1410852935712.jpg,즉시입주 협의가능,새롬 3동,서울시 강남구 개포동 1164-14,12대(세대당 1대),10세대,중/7층,-
11억,매매,공동주택,82.85㎡/73.5㎡(전용률89%),5만원,정액관리비,-/-,개별난방/도시가스,2456639498,넓고 채광 통풍이 좋고 수리가 되어 바로 입주 가능한 매물,3/2개,남향(거실 기준),없음,https://landthumb-phinf.pstatic.net/20140916_197/hscp_img_1410852936207iJ0R3_JPEG/photoinfra_1410852935712.jpg,즉시입주,새롬 3동,서울시 강남구 개포동 1164-14,12대(세대당 1대),10세대,3/7층,복합식
"11억 5,000",매매,-,78.93㎡/59.98㎡(전용률76%),"11만 5,000원",-,-/-,개별난방/도시가스,2458528265,지분많은저층아파트 투자로 적극 권함 세안고매매 올수리,3/1개,남동향(거실 기준),없음,https://landthumb-phinf.pstatic.net/20120327_296/hscp_img_1332835935156cVx6e_JPEG/GW70765_1332835933650.jpg,2025년 6월 5일 협의가능,우면한라 101동,서울시 서초구 우면동 67,300대(세대당 1대),252세대,3/6층,계단식
"11억 8,000",매매,-,78.93㎡/59.98㎡(전용률76%),"11만 5,000원",-,-/-,개별난방/도시가스,2458246754,주차굿 지분많은투자물 저층이고전용률좋아 거주로도 적격,3/1개,남동향(거실 기준),없음,https://landthumb-phinf.pstatic.net/20120327_296/hscp_img_1332835935156cVx6e_JPEG/GW70765_1332835933650.jpg,2025년 8월 1일 협의가능,우면한라 102동,서울시 서초구 우면동 67,221대(세대당 0.87대),252세대,2/6층,계단식
"11억 8,000",매매,-,78.93㎡/59.98㎡(전용률76%),12만원,-,-/-,개별난방/도시가스,2457765756,방3화1 로얄층 지분많은 저층아파트 바로뒤 초등학교 세안고매입,3/1개,남동향(거실 기준),-,https://landthumb-phinf.pstatic.net/20120327_296/hscp_img_1332835935156cVx6e_JPEG/GW70765_1332835933650.jpg,즉시입주 협의가능,우면한라 102동,서울시 서초구 우면동 67,221대(세대당 0.87대),252세대,2/6층,-
"11억 8,000",매매,-,78.93㎡/59.98㎡(전용률76%),"11만 5,000원",-,-/-,개별난방/도시가스,2457362072,지분많은저층아파트라 투자로 적극 권함 3룸 화1 발코니3,3/1개,남동향(거실 기준),없음,https://landthumb-phinf.pstatic.net/20120327_296/hscp_img_1332835935156cVx6e_JPEG/GW70765_1332835933650.jpg,2025년 8월 1일 협의가능,우면한라 102동,서울시 서초구 우면동 67,300대(세대당 1대),252세대,2/6층,계단식
"11억 5,000",매매,-,78.93㎡/59.98㎡(전용률76%),"11만 5,000원",-,-/-,개별난방/도시가스,2458529185,지분많은 저층아파트 올수리 세안고매매,3/1개,남동향(거실 기준),없음,https://landthumb-phinf.pstatic.net/20120327_296/hscp_img_1332835935156cVx6e_JPEG/GW70765_1332835933650.jpg,2025년 5월 30일 협의가능,우면한라 101동,서울시 서초구 우면동 67,221대(세대당 0.87대),252세대,중/6층,계단식
12억,매매,-,78.93㎡/59.98㎡(전용률76%),12만원,-,-/-,개별난방/도시가스,2458478329,남향 방3화1 지분많은 저층아파트 세안고매입 주차편리 대기업인근,3/1개,남동향(거실 기준),-,https://landthumb-phinf.pstatic.net/20120327_296/hscp_img_1332835935156cVx6e_JPEG/GW70765_1332835933650.jpg,즉시입주 협의가능,우면한라 107동,서울시 서초구 우면동 67,221대(세대당 0.87대),252세대,고/6층,-
12억,매매,-,78.93㎡/59.98㎡(전용률76%),12만원,-,-/-,개별난방/도시가스,2458249370,지분많은 저층아파트 방3 넓은베란다 바로뒤 초등학교,3/1개,남동향(거실 기준),없음,https://landthumb-phinf.pstatic.net/20120327_296/hscp_img_1332835935156cVx6e_JPEG/GW70765_1332835933650.jpg,즉시입주 협의가능,우면한라 107동,서울시 서초구 우면동 67,221대(세대당 0.87대),252세대,고/6층,-
12억,매매,-,78.93㎡/59.98㎡(전용률76%),14만원,-,-/-,개별난방/도시가스,2457527045,방3화1 내부깔끔 주차편리 바로 뒤 초등학교 세안고매입,3/1개,남동향(거실 기준),-,https://landthumb-phinf.pstatic.net/20120327_296/hscp_img_1332835935156cVx6e_JPEG/GW70765_1332835933650.jpg,2025년 4월 15일 협의가능,우면한라 107동,서울시 서초구 우면동 67,221대(세대당 0.87대),252세대,고/6층,-
"11억 5,000",매매,-,78.93㎡/59.98㎡(전용률76%),14만원,-,-/-,개별난방/도시가스,2455138804,로얄층 남향 방3화1 지분많은저층아파트  주차편리 세안고매입,3/1개,남동향(거실 기준),-,https://landthumb-phinf.pstatic.net/20120327_296/hscp_img_1332835935156cVx6e_JPEG/GW70765_1332835933650.jpg,2025년 6월 10일 협의가능,우면한라 101동,서울시 서초구 우면동 67,221대(세대당 0.87대),252세대,3/6층,-
11억,매매,-,78.93㎡/59.98㎡(전용률76%),12만원,-,-/-,개별난방/도시가스,2458034898,세안고매매 방3화1 전용넓고 지분 많은 저층아파트 주차편리,3/1개,남동향(거실 기준),-,https://landthumb-phinf.pstatic.net/20120327_296/hscp_img_1332835935156cVx6e_JPEG/GW70765_1332835933650.jpg,즉시입주 협의가능,우면한라 105동,서울시 서초구 우면동 67,221대(세대당 0.87대),252세대,고/6층,-
"11억 8,000",매매,공동주택,78.93㎡/59.98㎡(전용률76%),12만원,-,-/-,개별난방/도시가스,2456764413,로얄층 세안고매입하실분 지분많은 저층아파트,3/1개,남동향(거실 기준),-,https://landthumb-phinf.pstatic.net/20120327_296/hscp_img_1332835935156cVx6e_JPEG/GW70765_1332835933650.jpg,2025년 8월 15일 협의가능,우면한라 102동,서울시 서초구 우면동 67,221대(세대당 0.87대),252세대,2/6층,계단식
"10억 7,000",매매,-,78.93㎡/59.98㎡(전용률76%),12만원,-,-/-,개별난방/도시가스,2458037362,세안고매매 투자성 높은 지분많은 매물,3/1개,남동향(거실 기준),-,https://landthumb-phinf.pstatic.net/20120327_296/hscp_img_1332835935156cVx6e_JPEG/GW70765_1332835933650.jpg,즉시입주,우면한라 105동,서울시 서초구 우면동 67,221대(세대당 0.88대),252세대,고/6층,계단식
11억,매매,공동주택,78.93㎡/59.98㎡(전용률76%),12만원,-,-/-,개별난방/도시가스,2456767193,남향 숲세권 세안고투자하실분 추천드립니다,3/1개,남동향(거실 기준),-,https://landthumb-phinf.pstatic.net/20120327_296/hscp_img_1332835935156cVx6e_JPEG/GW70765_1332835933650.jpg,2026년 5월 15일 협의가능,우면한라 105동,서울시 서초구 우면동 67,221대(세대당 0.87대),252세대,고/6층,계단식
"11억 8,000",매매,-,78.93㎡/59.98㎡(전용률76%),14만원,-,-/-,개별난방/도시가스,2455383370,남향 로얄층 방3화1 주차편리 바로뒤초등학교 고지분저층아파트 투자추천,3/1개,남동향(거실 기준),-,https://landthumb-phinf.pstatic.net/20120327_296/hscp_img_1332835935156cVx6e_JPEG/GW70765_1332835933650.jpg,2025년 8월 1일 협의가능,우면한라 102동,서울시 서초구 우면동 67,221대(세대당 0.87대),252세대,2/6층,-
"11억 5,000",매매,-,78.93㎡/59.98㎡(전용률76%),12만원,-,-/-,개별난방/도시가스,2454437448,올수리  로얄층  거실확장 방3 앞뒤넓은베란다,3/1개,남동향(거실 기준),-,https://landthumb-phinf.pstatic.net/20120327_296/hscp_img_1332835935156cVx6e_JPEG/GW70765_1332835933650.jpg,즉시입주 협의가능,우면한라 101동,서울시 서초구 우면동 67,221대(세대당 0.87대),252세대,중/6층,-
12억,매매,공동주택,78.93㎡/59.98㎡(전용률76%),15만원,-,-/-,개별난방/도시가스,2456630619,직매물1추천1지분 많은 단지1투자가치 좋습니다,3/1개,남향(거실 기준),-,https://landthumb-phinf.pstatic.net/20120327_296/hscp_img_1332835935156cVx6e_JPEG/GW70765_1332835933650.jpg,즉시입주,우면한라 105동,서울시 서초구 우면동 67,221대(세대당 0.87대),252세대,중/6층,계단식
"11억 8,000",매매,-,78.93㎡/59.98㎡(전용률76%),12만원,-,"5,000/115만원",개별난방/도시가스,2454425069,최고로얄층 세안고 매입하실분 추천드립니다,3/1개,남동향(거실 기준),-,https://landthumb-phinf.pstatic.net/20120327_296/hscp_img_1332835935156cVx6e_JPEG/GW70765_1332835933650.jpg,2025년 08월 하순 협의가능,우면한라 102동,서울시 서초구 우면동 67,221대(세대당 0.87대),252세대,2/6층,-
11억,매매,-,78.93㎡/59.98㎡(전용률76%),11만원,-,-/-,개별난방/도시가스,2454995608,지분많은 저층아파트 방3 앞뒤넓은베란다 주차좋음,3/1개,남동향(거실 기준),-,https://landthumb-phinf.pstatic.net/20120327_296/hscp_img_1332835935156cVx6e_JPEG/GW70765_1332835933650.jpg,2026년 2월 25일,우면한라 105동,서울시 서초구 우면동 67,221대(세대당 0.87대),252세대,고/6층,-
11억,매매,-,78.93㎡/59.98㎡(전용률76%),12만원,-,-/-,개별난방/도시가스,2454721241,남향 방3화1 고지분 저층아파트 주차편리 바로 뒤 초등학교 세안고매입,3/1개,남동향(거실 기준),-,https://landthumb-phinf.pstatic.net/20120327_296/hscp_img_1332835935156cVx6e_JPEG/GW70765_1332835933650.jpg,즉시입주 협의가능,우면한라 105동,서울시 서초구 우면동 67,221대(세대당 0.87대),252세대,고/6층,-
"15억 5,000",매매,공동주택,89.42㎡/73.15㎡(전용률82%),25만원,-,-/-,중앙난방/도시가스,2458502774,입주 또는 세안고 가능한 로얄동 올수리된 매물,3/1개,남향(거실 기준),없음,https://landthumb-phinf.pstatic.net/20120327_98/hscp_img_1332835841596YeSYb_JPEG/GW70765_1332835840458.jpg,즉시입주 협의가능,양재우성 108동,서울시 서초구 양재동 154-2,747대(세대당 0.94대),284세대,15/15층,계단식
"16억 3,000",매매,공동주택,100.98㎡/84.58㎡(전용률84%),29만원,-,-/-,중앙난방/도시가스,2458512233,채광 조망 좋은 로얄동 로얄층 매물,3/2개,남향(거실 기준),없음,https://landthumb-phinf.pstatic.net/20120327_177/hscp_img_1332835849714rOeUt_JPEG/GW70765_1332835848510.jpg,즉시입주 협의가능,양재우성 103동,서울시 서초구 양재동 154-2,747대(세대당 0.94대),317세대,10/15층,계단식
"14억 5,000",매매,공동주택,89.42㎡/73.15㎡(전용률82%),29만원,-,-/-,중앙난방/도시가스,2458547147,로얄동 남향 전세안고  갭투자 가능합니다,3/1개,남향(거실 기준),없음,https://landthumb-phinf.pstatic.net/20120327_98/hscp_img_1332835841596YeSYb_JPEG/GW70765_1332835840458.jpg,즉시입주 협의가능,양재우성 108동,서울시 서초구 양재동 154-2,747대(세대당 0.94대),284세대,2/15층,계단식
"16억 3,000",매매,공동주택,100.98㎡/84.58㎡(전용률84%),28만원,-,-/-,중앙난방/도시가스,2458604873,31 입주가능한 급매 남향 조용한 동으로 뒤쪽으로 산뷰 입구 가까워요,3/2개,남향(거실 기준),없음,https://landthumb-phinf.pstatic.net/20120327_177/hscp_img_1332835849714rOeUt_JPEG/GW70765_1332835848510.jpg,즉시입주 협의가능,양재우성 103동,서울시 서초구 양재동 154-2,747대(세대당 0.94대),317세대,4/15층,계단식
"7억 5,000",전세,공동주택,100.98㎡/84.58㎡(전용률84%),25만원,-,-,중앙난방/도시가스,2458624443,특 올수리 시원한 전망 하루 종일 밝고 환한 로얄동 남향입니다,3/2개,남향(거실 기준),-,https://landthumb-phinf.pstatic.net/20120327_177/hscp_img_1332835849714rOeUt_JPEG/GW70765_1332835848510.jpg,즉시입주 협의가능,양재우성 111동,서울시 서초구 양재동 154-2,747대(세대당 0.94대),317세대,14/15층,계단식
"15억 5,000",매매,공동주택,89.42㎡/73.15㎡(전용률82%),22만원,-,-/-,중앙난방/도시가스,2458626953,"로얄동 남향, 올수리, 입주가",3/1개,남동향(거실 기준),없음,https://landthumb-phinf.pstatic.net/20120327_98/hscp_img_1332835841596YeSYb_JPEG/GW70765_1332835840458.jpg,즉시입주 협의가능,양재우성 108동,서울시 서초구 양재동 154-2,747대(세대당 0.94대),284세대,15/15층,계단식
"16억 3,000",매매,공동주택,100.98㎡/84.58㎡(전용률84%),"25만 4,981원",-,-/-,중앙난방/도시가스,2458627701,로얄동 로얄층 전망좋은 입주 또는 세안고 가능한집입니다.,3/2개,남동향(거실 기준),-,https://landthumb-phinf.pstatic.net/20120327_177/hscp_img_1332835849714rOeUt_JPEG/GW70765_1332835848510.jpg,즉시입주 협의가능,양재우성 103동,서울시 서초구 양재동 154-2,747대(세대당 0.94대),317세대,10/15층,계단식
"6억 5,000",전세,공동주택,89.42㎡/73.15㎡(전용률82%),25만원,-,-,중앙난방/도시가스,2458499729,확장 수리돤집 주차가장좋은동 채광 좋은 거실앞뒤 우면산 조망,3/1개,남서향(거실 기준),-,https://landthumb-phinf.pstatic.net/20120327_98/hscp_img_1332835841596YeSYb_JPEG/GW70765_1332835840458.jpg,2025년 1월 16일,양재우성 110동,서울시 서초구 양재동 154-2,747대(세대당 0.94대),284세대,12/15층,계단식
"6억 2,400",전세,공동주택,101.38㎡/84.88㎡(전용률84%),25만원,-,-,중앙난방/도시가스,2458352219,단독 지인실매물 주택임대사업자 올수리 남향 협의이사,3/2개,남향(거실 기준),-,https://landthumb-phinf.pstatic.net/20120124_4/land_system_1327380570295H6ORz_JPEG/116_504_4_103N_1269221912618.jpg,즉시입주,양재우성 101동,서울시 서초구 양재동 154-2,1500대(세대당 1.89대),180세대,5/15층,계단식
6억,전세,공동주택,100.98㎡/84.58㎡(전용률84%),29만원,-,-,중앙난방/도시가스,2458142737,아늑하고 조용한 입구가까운 남향동 깔끔 융자무 1월말 입주입니다,3/2개,남향(거실 기준),-,https://landthumb-phinf.pstatic.net/20120327_177/hscp_img_1332835849714rOeUt_JPEG/GW70765_1332835848510.jpg,즉시입주 협의가능,양재우성 103동,서울시 서초구 양재동 154-2,747대(세대당 0.94대),317세대,8/15층,계단식
"17억 5,000",매매,공동주택,100.98㎡/84.58㎡(전용률84%),25만원,-,-/-,중앙난방/도시가스,2458273514,전세안고 갭투자 가능 올수리 확장 남향 매물입니다,3/2개,남향(거실 기준),없음,https://landthumb-phinf.pstatic.net/20120327_177/hscp_img_1332835849714rOeUt_JPEG/GW70765_1332835848510.jpg,즉시입주 협의가능,양재우성 106동,서울시 서초구 양재동 154-2,747대(세대당 0.94대),317세대,13/15층,계단식
"16억 3,000",매매,공동주택,100.98㎡/84.58㎡(전용률84%),25만원,-,-/-,중앙난방/도시가스,2458273101,입주가능한  귀한 남향 매물입니다,3/2개,남향(거실 기준),-,https://landthumb-phinf.pstatic.net/20120327_177/hscp_img_1332835849714rOeUt_JPEG/GW70765_1332835848510.jpg,즉시입주 협의가능,양재우성 103동,서울시 서초구 양재동 154-2,747대(세대당 0.94대),317세대,4/15층,계단식
"14억 5,000",매매,공동주택,89.42㎡/73.15㎡(전용률82%),25만원,-,-/-,중앙난방/도시가스,2458272743,전세안고 투자가능한 급매물입니다 올수리 산뷰,3/1개,남서향(거실 기준),없음,https://landthumb-phinf.pstatic.net/20120327_98/hscp_img_1332835841596YeSYb_JPEG/GW70765_1332835840458.jpg,즉시입주 협의가능,양재우성 102동,서울시 서초구 양재동 154-2,747대(세대당 0.94대),284세대,3/14층,계단식
"16억 3,000",매매,공동주택,100.98㎡/84.58㎡(전용률84%),25만원,-,-/-,중앙난방/도시가스,2458272400,31입구 가까운 올수리된 남향 로얄동 깔끔합니다,3/2개,남향(거실 기준),없음,https://landthumb-phinf.pstatic.net/20120327_177/hscp_img_1332835849714rOeUt_JPEG/GW70765_1332835848510.jpg,즉시입주 협의가능,양재우성 106동,서울시 서초구 양재동 154-2,747대(세대당 0.94대),317세대,4/15층,계단식
"16억 5,000",매매,공동주택,100.98㎡/84.58㎡(전용률84%),"24만 8,124원",-,"2억5,000/110만원",중앙난방/도시가스,2458168080,로얄동 올수리 세안고 가능,3/2개,남향(거실 기준),없음,https://landthumb-phinf.pstatic.net/20120327_177/hscp_img_1332835849714rOeUt_JPEG/GW70765_1332835848510.jpg,2025년 03월 하순 협의가능,양재우성 109동,서울시 서초구 양재동 154-2,747대(세대당 0.94대),317세대,5/15층,계단식
"14억 5,000",매매,공동주택,89.42㎡/73.15㎡(전용률82%),"22만 4,542원",-,-/-,중앙난방/도시가스,2458285018,로얄동  부분수리 남향 세안고 가능 가격조정가,3/1개,남동향(거실 기준),-,https://landthumb-phinf.pstatic.net/20120327_98/hscp_img_1332835841596YeSYb_JPEG/GW70765_1332835840458.jpg,즉시입주 협의가능,양재우성 108동,서울시 서초구 양재동 154-2,747대(세대당 0.94대),284세대,2/15층,계단식
5억/60,월세,공동주택,89.42㎡/73.15㎡(전용률82%),25만원,-,-,중앙난방/도시가스,2458264005,거실앞뒤 특전망산뷰 올수리 거실확장 1월중순 입주협의,3/1개,북동향(거실 기준),-,https://landthumb-phinf.pstatic.net/20120327_98/hscp_img_1332835841596YeSYb_JPEG/GW70765_1332835840458.jpg,즉시입주 협의가능,양재우성 110동,서울시 서초구 양재동 154-2,747대(세대당 0.94대),284세대,12/15층,계단식
"14억 5,000",매매,공동주택,89.42㎡/73.15㎡(전용률82%),25만원,-,-/-,중앙난방/도시가스,2458265575,특 올수리 전세안고 매매입니다,3/1개,남서향(거실 기준),-,https://landthumb-phinf.pstatic.net/20120327_98/hscp_img_1332835841596YeSYb_JPEG/GW70765_1332835840458.jpg,즉시입주 협의가능,양재우성 102동,서울시 서초구 양재동 154-2,747대(세대당 0.94대),284세대,3/14층,계단식
5억/60,월세,공동주택,89.42㎡/73.15㎡(전용률82%),25만원,-,-,중앙난방/도시가스,2458246984,방3화1 우면산조망 채광굿 주차가장좋음,3/1개,남서향(거실 기준),-,https://landthumb-phinf.pstatic.net/20120327_98/hscp_img_1332835841596YeSYb_JPEG/GW70765_1332835840458.jpg,2025년 1월 16일,양재우성 110동,서울시 서초구 양재동 154-2,747대(세대당 0.94대),284세대,12/15층,-
"16억 3,000",매매,공동주택,100.98㎡/84.58㎡(전용률84%),25만원,-,-/-,중앙난방/도시가스,2458273290,거실앞뒤 산뷰 거실확장 입주가능한 매물입니다,3/2개,남향(거실 기준),-,https://landthumb-phinf.pstatic.net/20120327_177/hscp_img_1332835849714rOeUt_JPEG/GW70765_1332835848510.jpg,즉시입주 협의가능,양재우성 103동,서울시 서초구 양재동 154-2,747대(세대당 0.94대),317세대,10/15층,계단식
"7억 5,000",전세,공동주택,117.43㎡/84.58㎡(전용률72%),30만원,-,-,중앙난방/도시가스,2457064620,35 주인직접 확장 올수리 양재초 환경쾌적 협의입주,3/2개,남동향(거실 기준),-,https://landthumb-phinf.pstatic.net/20240705_94/hscp_img_1720159718990veRUV_JPEG/photoinfra_1720159718496.jpg,즉시입주,양재대웅(우성112동) 112동,서울시 서초구 양재동 137-1,-(세대당 0대),45세대,중/10층,계단식
8억,전세,공동주택,117.43㎡/84.58㎡(전용률72%),30만원,-,-,중앙난방/도시가스,2455834167,리모델링했어요 언제나 입주 가능해요,3/2개,남향(거실 기준),-,https://landthumb-phinf.pstatic.net/20240705_94/hscp_img_1720159718990veRUV_JPEG/photoinfra_1720159718496.jpg,즉시입주,양재대웅(우성112동) 112동,서울시 서초구 양재동 137-1,-,45세대,9/10층,계단식
